<?xml version="1.0" encoding="UTF-8"?>
<project version="4">
  <component name="ChangeListManager">
    <list default="true" id="1ed7dad5-308d-47bd-bb73-ddb1d4f812f0" name="Default Changelist" comment="" />
    <option name="SHOW_DIALOG" value="false" />
    <option name="HIGHLIGHT_CONFLICTS" value="true" />
    <option name="HIGHLIGHT_NON_ACTIVE_CHANGELIST" value="false" />
    <option name="LAST_RESOLUTION" value="IGNORE" />
  </component>
  <component name="JupyterTrust" id="2d611464-5bca-4299-87eb-333667923d9e" />
  <component name="ProjectId" id="1kElg1Ir5xYdUq2OA8t2shvU8Ug" />
  <component name="ProjectViewState">
    <option name="hideEmptyMiddlePackages" value="true" />
    <option name="showLibraryContents" value="true" />
  </component>
  <component name="PropertiesComponent">
    <property name="RunOnceActivity.OpenProjectViewOnStart" value="true" />
    <property name="WebServerToolWindowFactoryState" value="false" />
  </component>
  <component name="SpellCheckerSettings" RuntimeDictionaries="0" Folders="0" CustomDictionaries="0" DefaultDictionary="application-level" UseSingleDictionary="true" transferred="true" />
  <component name="TaskManager">
    <task active="true" id="Default" summary="Default task">
      <changelist id="1ed7dad5-308d-47bd-bb73-ddb1d4f812f0" name="Default Changelist" comment="" />
      <created>1605273742088</created>
      <option name="number" value="Default" />
      <option name="presentableId" value="Default" />
      <updated>1605273742088</updated>
      <workItem from="1605273743823" duration="43000" />
    </task>
    <servers />
  </component>
  <component name="TypeScriptGeneratedFilesManager">
    <option name="version" value="3" />
  </component>
</project>